{"0":{"0":0.0068807723,"1":0.0068807718}}