{"0":{"0":0.0247415363,"1":0.0247415379}}