{"0":{"0":0.0524664396,"1":0.0524664372}}