{"0":{"0":0.0194692108,"1":0.0194692109}}