{"loss":{"0":5.4240943172,"1":10.9370719994,"2":4.3849795502,"3":1.5849954964,"4":0.2664214196,"5":0.1839105865,"6":0.1503425144,"7":0.1148608445,"8":0.1018576608,"9":0.0939308936,"10":0.0905009546,"11":0.1036280606,"12":0.0840773976,"13":0.0793623031,"14":0.0712597851,"15":0.0882558822,"16":0.0808671235,"17":0.0762239457,"18":0.0816339205,"19":0.0689106945,"20":0.081928309,"21":0.0641982921,"22":0.0580554013,"23":0.052928081,"24":0.0493658155,"25":0.0471325781,"26":0.047989636,"27":0.0480706258,"28":0.0535261556,"29":0.045767288,"30":0.0405181037,"31":0.0394573922,"32":0.0410226716,"33":0.0469175521,"34":0.0395622837,"35":0.0356491859,"36":0.0350792507,"37":0.0331206154,"38":0.0324288686,"39":0.0315875219,"40":0.0323522902,"41":0.0344305486,"42":0.0296427024,"43":0.0337845872,"44":0.0608080184,"45":0.043568359,"46":0.0335760419,"47":0.0328835313},"mse":{"0":5.424094677,"1":10.9370708466,"2":4.384979248,"3":1.5849956274,"4":0.2664214075,"5":0.1839106083,"6":0.1503425092,"7":0.1148608476,"8":0.1018576548,"9":0.0939308926,"10":0.0905009508,"11":0.1036280543,"12":0.084077388,"13":0.0793623105,"14":0.0712597817,"15":0.0882558823,"16":0.0808671191,"17":0.0762239397,"18":0.0816339105,"19":0.0689106882,"20":0.0819283128,"21":0.0641982928,"22":0.0580554008,"23":0.0529280789,"24":0.0493658148,"25":0.0471325777,"26":0.0479896367,"27":0.0480706245,"28":0.0535261557,"29":0.0457672849,"30":0.040518105,"31":0.0394573957,"32":0.0410226695,"33":0.0469175503,"34":0.0395622849,"35":0.0356491879,"36":0.0350792557,"37":0.0331206098,"38":0.0324288681,"39":0.0315875225,"40":0.0323522873,"41":0.0344305485,"42":0.029642703,"43":0.0337845832,"44":0.0608080216,"45":0.0435683578,"46":0.0335760415,"47":0.0328835323},"val_loss":{"0":22.267434274,"1":5.1314890308,"2":2.5214564339,"3":0.4085027825,"4":0.2512819829,"5":0.1902257786,"6":0.1597175939,"7":0.1464266453,"8":0.1356177325,"9":0.1263981752,"10":0.1916081175,"11":0.1170883562,"12":0.1193717117,"13":0.0958855157,"14":0.1334523013,"15":0.1243700969,"16":0.1207599443,"17":0.1386171779,"18":0.0924456755,"19":0.1012046676,"20":0.0865940389,"21":0.0911503105,"22":0.0752966071,"23":0.0786556865,"24":0.0686819145,"25":0.0774432292,"26":0.0800983264,"27":0.1005541512,"28":0.0744792529,"29":0.069469223,"30":0.0582630753,"31":0.0603876919,"32":0.0727347559,"33":0.0627884691,"34":0.0629223697,"35":0.0594055451,"36":0.0540420566,"37":0.0514868303,"38":0.0493794068,"39":0.0513557108,"40":0.0477986009,"41":0.0516784453,"42":0.0564323115,"43":0.0746735456,"44":0.099063264,"45":0.0609464675,"46":0.0582670191,"47":0.0533496143},"val_mse":{"0":22.2674350739,"1":5.1314888,"2":2.5214562416,"3":0.4085027575,"4":0.2512819767,"5":0.19022578,"6":0.1597175896,"7":0.1464266479,"8":0.135617733,"9":0.126398176,"10":0.191608116,"11":0.1170883551,"12":0.1193717048,"13":0.0958855152,"14":0.1334522963,"15":0.1243700981,"16":0.1207599491,"17":0.1386171728,"18":0.0924456716,"19":0.1012046635,"20":0.0865940452,"21":0.0911503136,"22":0.0752966106,"23":0.07865569,"24":0.0686819181,"25":0.0774432272,"26":0.080098331,"27":0.1005541533,"28":0.0744792596,"29":0.0694692209,"30":0.0582630746,"31":0.0603876933,"32":0.0727347583,"33":0.0627884716,"34":0.0629223734,"35":0.0594055466,"36":0.0540420562,"37":0.0514868312,"38":0.0493794046,"39":0.0513557121,"40":0.0477986038,"41":0.0516784452,"42":0.0564323105,"43":0.0746735483,"44":0.0990632623,"45":0.0609464683,"46":0.0582670197,"47":0.0533496141},"lr":{"0":0.001,"1":0.001,"2":0.001,"3":0.001,"4":0.001,"5":0.001,"6":0.001,"7":0.001,"8":0.001,"9":0.001,"10":0.001,"11":0.001,"12":0.001,"13":0.001,"14":0.001,"15":0.001,"16":0.001,"17":0.001,"18":0.0008,"19":0.0008,"20":0.0008,"21":0.0008,"22":0.0008,"23":0.0008,"24":0.0008,"25":0.0008,"26":0.0008,"27":0.0008,"28":0.0008,"29":0.00064,"30":0.00064,"31":0.00064,"32":0.00064,"33":0.00064,"34":0.00064,"35":0.00064,"36":0.00064,"37":0.00064,"38":0.00064,"39":0.00064,"40":0.00064,"41":0.00064,"42":0.00064,"43":0.00064,"44":0.00064,"45":0.0005120001,"46":0.0005120001,"47":0.0005120001}}