{"loss":{"0":4.6244203909,"1":1.6185830156,"2":0.2390849414,"3":0.1480655156,"4":0.1131384386,"5":0.086811781,"6":0.0846547622,"7":0.0804961812,"8":0.0781186403,"9":0.0767114535,"10":0.0748396924,"11":0.0733555165,"12":0.0783368658,"13":0.0736602047,"14":0.074465609,"15":0.0705573692,"16":0.065216097,"17":0.0598223102,"18":0.0576895253,"19":0.0551435054,"20":0.0521106131,"21":0.0432647001,"22":0.0507639887,"23":0.0438958408,"24":0.0420782009,"25":0.0373285214,"26":0.0369442613,"27":0.0351742162,"28":0.0320025336,"29":0.0358804371,"30":0.0317563807,"31":0.0294365889,"32":0.0286949115,"33":0.0298757986,"34":0.0256221331,"35":0.0266325206,"36":0.02603771,"37":0.0222985732,"38":0.0219966351,"39":0.0217493177,"40":0.0202734179,"41":0.0189180466,"42":0.0197255942,"43":0.0188350712,"44":0.0230016518,"45":0.0209562849,"46":0.018716913,"47":0.0224204844},"mse":{"0":4.624420166,"1":1.6185830832,"2":0.2390849143,"3":0.1480655074,"4":0.1131384447,"5":0.0868117958,"6":0.0846547559,"7":0.080496192,"8":0.0781186298,"9":0.0767114535,"10":0.0748396814,"11":0.0733555183,"12":0.0783368647,"13":0.0736601949,"14":0.0744656101,"15":0.0705573559,"16":0.0652161017,"17":0.0598223135,"18":0.0576895289,"19":0.0551435053,"20":0.0521106198,"21":0.0432646982,"22":0.050763987,"23":0.0438958481,"24":0.0420782007,"25":0.0373285264,"26":0.0369442664,"27":0.0351742171,"28":0.0320025384,"29":0.035880439,"30":0.0317563824,"31":0.0294365864,"32":0.0286949091,"33":0.0298758019,"34":0.0256221332,"35":0.0266325194,"36":0.0260377154,"37":0.0222985744,"38":0.0219966359,"39":0.0217493195,"40":0.0202734135,"41":0.0189180449,"42":0.0197255928,"43":0.0188350733,"44":0.0230016559,"45":0.0209562834,"46":0.0187169164,"47":0.0224204827},"val_loss":{"0":3.8765535863,"1":0.3963204989,"2":0.1551866204,"3":0.1142953544,"4":0.0868533993,"5":0.0972953003,"6":0.0741864686,"7":0.0713491465,"8":0.0720264276,"9":0.0730625903,"10":0.0681932502,"11":0.0772336362,"12":0.0779036577,"13":0.0689240412,"14":0.068504665,"15":0.0809683157,"16":0.0597375442,"17":0.0630122984,"18":0.0605539419,"19":0.0733552896,"20":0.0451587734,"21":0.0495892558,"22":0.0590106537,"23":0.0450579856,"24":0.039170776,"25":0.0391939506,"26":0.0384238932,"27":0.0365853688,"28":0.0445329759,"29":0.0383501486,"30":0.032646462,"31":0.0373233498,"32":0.0392646306,"33":0.0341424291,"34":0.0304636309,"35":0.0287646431,"36":0.0303647256,"37":0.0297006247,"38":0.0294493228,"39":0.0318276343,"40":0.0258724247,"41":0.0278184126,"42":0.0284535041,"43":0.030820872,"44":0.0352621644,"45":0.0299349053,"46":0.0262230894,"47":0.0299492648},"val_mse":{"0":3.8765535355,"1":0.3963204622,"2":0.1551866233,"3":0.1142953485,"4":0.0868533999,"5":0.0972953066,"6":0.0741864666,"7":0.071349144,"8":0.0720264316,"9":0.0730625913,"10":0.0681932494,"11":0.0772336349,"12":0.0779036582,"13":0.0689240471,"14":0.0685046613,"15":0.0809683204,"16":0.0597375408,"17":0.0630123019,"18":0.0605539419,"19":0.0733552948,"20":0.0451587737,"21":0.049589254,"22":0.0590106547,"23":0.0450579859,"24":0.0391707718,"25":0.0391939506,"26":0.0384238921,"27":0.0365853682,"28":0.044532977,"29":0.03835015,"30":0.0326464623,"31":0.0373233482,"32":0.0392646305,"33":0.0341424271,"34":0.0304636303,"35":0.0287646428,"36":0.0303647257,"37":0.0297006238,"38":0.0294493213,"39":0.0318276323,"40":0.0258724261,"41":0.0278184116,"42":0.0284535047,"43":0.0308208726,"44":0.0352621675,"45":0.0299349055,"46":0.0262230914,"47":0.0299492646},"lr":{"0":0.001,"1":0.001,"2":0.001,"3":0.001,"4":0.001,"5":0.001,"6":0.001,"7":0.001,"8":0.001,"9":0.001,"10":0.001,"11":0.001,"12":0.001,"13":0.001,"14":0.001,"15":0.0008,"16":0.0008,"17":0.0008,"18":0.0008,"19":0.0008,"20":0.0008,"21":0.0008,"22":0.0008,"23":0.0008,"24":0.0008,"25":0.0008,"26":0.0008,"27":0.0008,"28":0.0008,"29":0.0008,"30":0.0008,"31":0.0008,"32":0.0008,"33":0.0008,"34":0.0008,"35":0.0008,"36":0.0008,"37":0.0008,"38":0.0008,"39":0.0008,"40":0.00064,"41":0.00064,"42":0.00064,"43":0.00064,"44":0.00064,"45":0.00064,"46":0.00064,"47":0.00064}}