{"loss":{"0":0.0582302172,"1":0.0463699556,"2":0.0398837955,"3":0.0379748447,"4":0.0341145187,"5":0.0323346874,"6":0.0305997534,"7":0.029368338,"8":0.0268301645,"9":0.0262017097,"10":0.022724344,"11":0.0202681858,"12":0.0198645193},"mse":{"0":0.058230225,"1":0.0463699587,"2":0.0398837999,"3":0.0379748531,"4":0.034114521,"5":0.0323346965,"6":0.0305997655,"7":0.0293683391,"8":0.026830161,"9":0.026201712,"10":0.0227243453,"11":0.0202681832,"12":0.0198645107},"val_loss":{"0":0.053032987,"1":0.0466096723,"2":0.0474307139,"3":0.0432949822,"4":0.0444625444,"5":0.0429905035,"6":0.0445529625,"7":0.0471208519,"8":0.0440060374,"9":0.0435916848,"10":0.0455431192,"11":0.0441193815,"12":0.0433622941},"val_mse":{"0":0.0530329905,"1":0.0466096774,"2":0.0474307165,"3":0.0432949811,"4":0.044462543,"5":0.042990502,"6":0.044552967,"7":0.0471208468,"8":0.0440060422,"9":0.0435916856,"10":0.0455431193,"11":0.0441193804,"12":0.0433622934},"lr":{"0":0.00064,"1":0.00064,"2":0.00064,"3":0.00064,"4":0.00064,"5":0.00064,"6":0.00064,"7":0.00064,"8":0.00064,"9":0.00064,"10":0.0005120001,"11":0.0005120001,"12":0.0005120001}}