{"0":{"0":0.0232854294,"1":0.0232854299}}