{"0":{"0":0.0628347645,"1":0.0628347471}}