{"loss":{"0":0.0719192579,"1":0.0513862798,"2":0.0404606229,"3":0.0309940305,"4":0.0245040418,"5":0.0192265487,"6":0.0161678799,"7":0.0145376424,"8":0.0122403665,"9":0.011029711,"10":0.0100285984,"11":0.0092211954,"12":0.0089718339,"13":0.0109305102,"14":0.0089312966,"15":0.0077079454,"16":0.0070429981,"17":0.0065943876,"18":0.0061346554,"19":0.0059350792,"20":0.0057167772,"21":0.0055624688,"22":0.0054736685,"23":0.0056178342,"24":0.0053960151,"25":0.0053442867,"26":0.0052186715,"27":0.0050466002,"28":0.0049834846,"29":0.0055828705,"30":0.0061323745,"31":0.0056758893,"32":0.0051923758,"33":0.0048448373,"34":0.0046533794},"mse":{"0":0.0719192624,"1":0.0513862818,"2":0.0404606238,"3":0.0309940316,"4":0.0245040432,"5":0.0192265473,"6":0.0161678791,"7":0.0145376427,"8":0.0122403651,"9":0.0110297119,"10":0.0100285979,"11":0.0092211962,"12":0.0089718336,"13":0.0109305112,"14":0.0089312969,"15":0.0077079451,"16":0.0070429971,"17":0.0065943869,"18":0.0061346553,"19":0.005935079,"20":0.0057167769,"21":0.0055624694,"22":0.0054736687,"23":0.0056178342,"24":0.0053960155,"25":0.0053442866,"26":0.0052186712,"27":0.0050466005,"28":0.0049834847,"29":0.0055828704,"30":0.0061323745,"31":0.0056758896,"32":0.0051923757,"33":0.0048448374,"34":0.0046533803},"val_loss":{"0":0.0808395312,"1":0.0604070807,"2":0.0561686998,"3":0.0425888077,"4":0.0388936681,"5":0.0333210718,"6":0.0315125957,"7":0.0320113808,"8":0.0315693255,"9":0.0314058369,"10":0.0315454703,"11":0.0324101894,"12":0.0350889717,"13":0.0363084436,"14":0.0330512069,"15":0.0330957751,"16":0.0308426248,"17":0.0311266227,"18":0.031502141,"19":0.0311425396,"20":0.0312929596,"21":0.0297648923,"22":0.0310559281,"23":0.031432782,"24":0.0320582257,"25":0.0293788375,"26":0.0313571111,"27":0.0291075798,"28":0.031319008,"29":0.034020545,"30":0.0300744575,"31":0.0301515447,"32":0.02966767,"33":0.0306354593,"34":0.0310564394},"val_mse":{"0":0.0808395371,"1":0.0604070798,"2":0.0561686978,"3":0.0425888076,"4":0.0388936698,"5":0.0333210714,"6":0.0315125957,"7":0.0320113786,"8":0.0315693244,"9":0.0314058363,"10":0.0315454714,"11":0.0324101895,"12":0.0350889713,"13":0.0363084413,"14":0.0330512077,"15":0.0330957733,"16":0.0308426246,"17":0.0311266221,"18":0.0315021425,"19":0.0311425384,"20":0.03129296,"21":0.0297648925,"22":0.0310559273,"23":0.0314327814,"24":0.0320582241,"25":0.029378837,"26":0.0313571133,"27":0.02910758,"28":0.0313190073,"29":0.0340205468,"30":0.0300744586,"31":0.0301515441,"32":0.0296676699,"33":0.0306354593,"34":0.0310564395},"lr":{"0":0.000262144,"1":0.000262144,"2":0.000262144,"3":0.000262144,"4":0.000262144,"5":0.000262144,"6":0.000262144,"7":0.000262144,"8":0.000262144,"9":0.000262144,"10":0.000262144,"11":0.000262144,"12":0.000262144,"13":0.000262144,"14":0.0002097152,"15":0.0002097152,"16":0.0002097152,"17":0.0002097152,"18":0.0002097152,"19":0.0002097152,"20":0.0002097152,"21":0.0002097152,"22":0.0002097152,"23":0.0002097152,"24":0.0002097152,"25":0.0002097152,"26":0.0002097152,"27":0.0002097152,"28":0.0002097152,"29":0.0002097152,"30":0.0002097152,"31":0.0002097152,"32":0.0001677722,"33":0.0001677722,"34":0.0001677722}}