{"0":{"0":0.0368152372,"1":0.0368152373}}