{"0":{"0":0.2173259224,"1":0.217325896}}