{"loss":{"0":0.0632615242,"1":0.0258245359,"2":0.0169738114,"3":0.0137474867,"4":0.0108868859,"5":0.0092725865,"6":0.0082439573,"7":0.008790303,"8":0.0076796579,"9":0.0070305958,"10":0.0065401015,"11":0.0061599721,"12":0.0056631465,"13":0.0054247878,"14":0.0058137043,"15":0.00525499,"16":0.0050948991,"17":0.0050138944,"18":0.0047682062,"19":0.0049838363,"20":0.0050889513,"21":0.0046709354,"22":0.0043936881,"23":0.0045284866,"24":0.0043309588,"25":0.0045727619,"26":0.004539702,"27":0.0042036508,"28":0.0042327285,"29":0.0040940176,"30":0.0042706125,"31":0.0039697838,"32":0.003870189,"33":0.0038022243,"34":0.0038847212,"35":0.003885247,"36":0.0035031063,"37":0.0032768788,"38":0.0031975811,"39":0.00309375,"40":0.0030176476,"41":0.0032269868,"42":0.0032600199,"43":0.003101779,"44":0.0031227049,"45":0.0028026615,"46":0.0027053752,"47":0.0026479022,"48":0.0025665395,"49":0.002486732,"50":0.0024755697,"51":0.0024336552,"52":0.0023708091,"53":0.0023503894,"54":0.0023345114,"55":0.0023283221,"56":0.0023702174,"57":0.0023730403,"58":0.0023795481,"59":0.0022618504,"60":0.0021924231,"61":0.0021522299,"62":0.002105078,"63":0.0020765627,"64":0.0020918532,"65":0.0020833868,"66":0.0020843024,"67":0.0020953683,"68":0.0021092013,"69":0.0021161922,"70":0.0020984739,"71":0.0019952835,"72":0.0019499553,"73":0.0019245502,"74":0.001905477,"75":0.0018909376,"76":0.0018989669,"77":0.0020257999,"78":0.0019402619,"79":0.0018761095,"80":0.0018441116,"81":0.001825387,"82":0.0018195136,"83":0.0018124474,"84":0.0017938599,"85":0.0017877547,"86":0.001784529,"87":0.0017892766,"88":0.0017941445,"89":0.0018042126,"90":0.001799785,"91":0.0018205431,"92":0.0018475727,"93":0.0019318163,"94":0.0019109242,"95":0.0017952726,"96":0.0017507387},"mse":{"0":0.0632615164,"1":0.0258245338,"2":0.0169738121,"3":0.0137474826,"4":0.0108868871,"5":0.0092725856,"6":0.0082439557,"7":0.008790303,"8":0.0076796585,"9":0.0070305951,"10":0.006540102,"11":0.0061599733,"12":0.0056631449,"13":0.0054247887,"14":0.0058137039,"15":0.0052549909,"16":0.0050948993,"17":0.0050138948,"18":0.0047682058,"19":0.0049838368,"20":0.0050889514,"21":0.0046709361,"22":0.0043936879,"23":0.0045284871,"24":0.0043309578,"25":0.0045727617,"26":0.0045397016,"27":0.0042036506,"28":0.0042327279,"29":0.0040940181,"30":0.0042706118,"31":0.0039697834,"32":0.0038701892,"33":0.0038022241,"34":0.0038847208,"35":0.0038852473,"36":0.0035031063,"37":0.0032768794,"38":0.003197581,"39":0.0030937507,"40":0.0030176484,"41":0.0032269873,"42":0.0032600199,"43":0.0031017791,"44":0.0031227046,"45":0.0028026614,"46":0.0027053747,"47":0.0026479021,"48":0.0025665399,"49":0.0024867321,"50":0.00247557,"51":0.0024336551,"52":0.0023708092,"53":0.0023503893,"54":0.0023345118,"55":0.0023283216,"56":0.0023702171,"57":0.0023730407,"58":0.0023795485,"59":0.0022618503,"60":0.0021924227,"61":0.0021522297,"62":0.0021050787,"63":0.002076563,"64":0.0020918534,"65":0.002083387,"66":0.0020843027,"67":0.0020953685,"68":0.0021092014,"69":0.0021161921,"70":0.002098474,"71":0.0019952836,"72":0.0019499556,"73":0.0019245505,"74":0.0019054773,"75":0.0018909376,"76":0.0018989667,"77":0.0020257998,"78":0.0019402622,"79":0.0018761097,"80":0.0018441117,"81":0.0018253869,"82":0.0018195137,"83":0.0018124476,"84":0.0017938595,"85":0.0017877541,"86":0.0017845291,"87":0.0017892764,"88":0.0017941446,"89":0.0018042123,"90":0.0017997845,"91":0.0018205432,"92":0.0018475724,"93":0.0019318167,"94":0.0019109244,"95":0.0017952725,"96":0.0017507386},"val_loss":{"0":0.044938915,"1":0.0225137565,"2":0.0191589129,"3":0.0151400947,"4":0.0158283491,"5":0.0111676786,"6":0.0105292875,"7":0.0112043986,"8":0.0107385146,"9":0.0090267826,"10":0.0088125841,"11":0.0085342523,"12":0.0082822974,"13":0.0085166498,"14":0.0082075809,"15":0.0076149753,"16":0.0075656629,"17":0.0068592386,"18":0.0083903463,"19":0.0069191835,"20":0.0073493955,"21":0.0066241918,"22":0.0066195678,"23":0.0066160133,"24":0.0073613246,"25":0.0084512493,"26":0.006614819,"27":0.0067093929,"28":0.0065847771,"29":0.0066683217,"30":0.0068271151,"31":0.006420897,"32":0.006630295,"33":0.0062308071,"34":0.0070535783,"35":0.0063353469,"36":0.00648289,"37":0.0056394123,"38":0.0055857706,"39":0.0058567097,"40":0.0059518084,"41":0.0058964756,"42":0.0065926301,"43":0.0058835599,"44":0.005829902,"45":0.0054275186,"46":0.0055253044,"47":0.0054953739,"48":0.0055548934,"49":0.0052443961,"50":0.0054277226,"51":0.0050189539,"52":0.0050814512,"53":0.0049001144,"54":0.0052940614,"55":0.0050570561,"56":0.0049948086,"57":0.0049485288,"58":0.0050181122,"59":0.0050868095,"60":0.0048380455,"61":0.0048657063,"62":0.0048373017,"63":0.0048883265,"64":0.0049408441,"65":0.0047528483,"66":0.0048854486,"67":0.0049158188,"68":0.0048309814,"69":0.0048311256,"70":0.0047359231,"71":0.004728242,"72":0.0046768531,"73":0.0046126179,"74":0.0046311158,"75":0.0047102779,"76":0.0047420313,"77":0.0049570771,"78":0.0046609517,"79":0.0046977992,"80":0.0045342049,"81":0.0046097385,"82":0.0045887481,"83":0.0045327756,"84":0.0046059431,"85":0.0045249912,"86":0.0045485723,"87":0.0045415787,"88":0.0046584421,"89":0.0044969614,"90":0.0046296744,"91":0.0046502328,"92":0.0045885877,"93":0.0046680749,"94":0.004626909,"95":0.0045996636,"96":0.0045666585},"val_mse":{"0":0.0449389145,"1":0.0225137584,"2":0.0191589128,"3":0.0151400939,"4":0.0158283487,"5":0.0111676781,"6":0.0105292881,"7":0.0112043982,"8":0.0107385153,"9":0.0090267826,"10":0.008812584,"11":0.0085342526,"12":0.0082822973,"13":0.0085166497,"14":0.008207581,"15":0.0076149753,"16":0.0075656632,"17":0.0068592383,"18":0.0083903475,"19":0.0069191828,"20":0.0073493952,"21":0.006624192,"22":0.006619568,"23":0.0066160141,"24":0.007361325,"25":0.0084512495,"26":0.0066148196,"27":0.0067093926,"28":0.0065847775,"29":0.0066683223,"30":0.0068271146,"31":0.0064208973,"32":0.006630295,"33":0.0062308065,"34":0.0070535778,"35":0.0063353465,"36":0.0064828899,"37":0.0056394124,"38":0.0055857711,"39":0.0058567091,"40":0.0059518088,"41":0.0058964752,"42":0.0065926295,"43":0.0058835601,"44":0.0058299019,"45":0.0054275184,"46":0.0055253045,"47":0.0054953736,"48":0.0055548931,"49":0.0052443966,"50":0.0054277228,"51":0.0050189537,"52":0.0050814515,"53":0.0049001146,"54":0.0052940617,"55":0.005057056,"56":0.0049948082,"57":0.0049485289,"58":0.0050181122,"59":0.0050868094,"60":0.0048380452,"61":0.0048657064,"62":0.0048373016,"63":0.0048883264,"64":0.0049408441,"65":0.0047528488,"66":0.0048854486,"67":0.004915819,"68":0.0048309811,"69":0.0048311255,"70":0.0047359229,"71":0.0047282418,"72":0.0046768528,"73":0.0046126181,"74":0.0046311161,"75":0.004710278,"76":0.0047420315,"77":0.0049570771,"78":0.0046609519,"79":0.0046977988,"80":0.004534205,"81":0.0046097389,"82":0.0045887479,"83":0.0045327758,"84":0.0046059429,"85":0.0045249914,"86":0.004548572,"87":0.0045415787,"88":0.004658442,"89":0.0044969614,"90":0.0046296744,"91":0.0046502324,"92":0.0045885877,"93":0.0046680751,"94":0.0046269088,"95":0.0045996634,"96":0.0045666588},"lr":{"0":0.000262144,"1":0.000262144,"2":0.000262144,"3":0.000262144,"4":0.000262144,"5":0.000262144,"6":0.000262144,"7":0.000262144,"8":0.000262144,"9":0.000262144,"10":0.000262144,"11":0.000262144,"12":0.000262144,"13":0.000262144,"14":0.000262144,"15":0.000262144,"16":0.000262144,"17":0.000262144,"18":0.000262144,"19":0.000262144,"20":0.000262144,"21":0.000262144,"22":0.000262144,"23":0.000262144,"24":0.000262144,"25":0.000262144,"26":0.000262144,"27":0.000262144,"28":0.000262144,"29":0.000262144,"30":0.000262144,"31":0.000262144,"32":0.000262144,"33":0.000262144,"34":0.000262144,"35":0.000262144,"36":0.000262144,"37":0.000262144,"38":0.000262144,"39":0.000262144,"40":0.000262144,"41":0.000262144,"42":0.000262144,"43":0.0002097152,"44":0.0002097152,"45":0.0002097152,"46":0.0002097152,"47":0.0002097152,"48":0.0002097152,"49":0.0002097152,"50":0.0002097152,"51":0.0002097152,"52":0.0002097152,"53":0.0002097152,"54":0.0002097152,"55":0.0002097152,"56":0.0002097152,"57":0.0002097152,"58":0.0001677722,"59":0.0001677722,"60":0.0001677722,