{"loss":{"0":0.0771286635,"1":0.0508418618,"2":0.0316431368,"3":0.0230792174,"4":0.0169816107,"5":0.0143106896,"6":0.0119865455,"7":0.0116274265,"8":0.0116926768,"9":0.0110464175,"10":0.0091733519,"11":0.0087167253,"12":0.0079741088,"13":0.0070967717,"14":0.0068283099,"15":0.0065689261,"16":0.0066510891,"17":0.0076400993,"18":0.0086085525,"19":0.0074129318,"20":0.0063096482,"21":0.0055278054,"22":0.0053988634,"23":0.0051358117,"24":0.0051019589,"25":0.0050158656,"26":0.0048956097,"27":0.0049227363,"28":0.0048434533,"29":0.0046673119,"30":0.0045784506,"31":0.0045198777,"32":0.0044558064,"33":0.0044590701,"34":0.0044504601,"35":0.0044746279,"36":0.0045468828,"37":0.0047911548,"38":0.0044446436,"39":0.0042362276,"40":0.0042071922,"41":0.0041124795,"42":0.0040410063,"43":0.0040104027,"44":0.0041468065,"45":0.0040909487},"mse":{"0":0.0771286562,"1":0.0508418605,"2":0.0316431336,"3":0.0230792165,"4":0.0169816092,"5":0.0143106896,"6":0.0119865471,"7":0.0116274273,"8":0.0116926767,"9":0.0110464161,"10":0.0091733513,"11":0.0087167267,"12":0.0079741087,"13":0.0070967721,"14":0.0068283104,"15":0.0065689264,"16":0.0066510895,"17":0.0076400996,"18":0.0086085526,"19":0.0074129333,"20":0.0063096476,"21":0.0055278055,"22":0.0053988635,"23":0.0051358119,"24":0.0051019588,"25":0.0050158659,"26":0.0048956098,"27":0.0049227355,"28":0.0048434534,"29":0.0046673119,"30":0.0045784507,"31":0.004519877,"32":0.0044558067,"33":0.00445907,"34":0.0044504604,"35":0.0044746273,"36":0.0045468831,"37":0.0047911541,"38":0.0044446434,"39":0.0042362278,"40":0.004207192,"41":0.0041124788,"42":0.0040410063,"43":0.0040104021,"44":0.0041468069,"45":0.004090949},"val_loss":{"0":0.0605665559,"1":0.0372726342,"2":0.0299767682,"3":0.0259060946,"4":0.0213399575,"5":0.020471285,"6":0.0189004716,"7":0.0202042722,"8":0.0198147107,"9":0.0196740431,"10":0.01777798,"11":0.0162819634,"12":0.0174525327,"13":0.0163003078,"14":0.015984283,"15":0.0163102009,"16":0.0167492254,"17":0.018479783,"18":0.0162119657,"19":0.0158210883,"20":0.0153454281,"21":0.0156429193,"22":0.0151950423,"23":0.0148176769,"24":0.0150982599,"25":0.0152297776,"26":0.014937706,"27":0.0149362407,"28":0.0146398036,"29":0.014658504,"30":0.0150182224,"31":0.0148017013,"32":0.0146214604,"33":0.0150539494,"34":0.0146531738,"35":0.0149376005,"36":0.0156812692,"37":0.0147026864,"38":0.0144408274,"39":0.0147648599,"40":0.0146045381,"41":0.0146822615,"42":0.0144529018,"43":0.014463204,"44":0.0147279376,"45":0.014752355},"val_mse":{"0":0.0605665557,"1":0.0372726321,"2":0.0299767684,"3":0.0259060934,"4":0.0213399585,"5":0.0204712842,"6":0.0189004727,"7":0.0202042721,"8":0.0198147129,"9":0.0196740441,"10":0.0177779812,"11":0.0162819643,"12":0.0174525324,"13":0.0163003076,"14":0.0159842838,"15":0.016310202,"16":0.0167492256,"17":0.0184797831,"18":0.0162119661,"19":0.0158210881,"20":0.0153454281,"21":0.0156429186,"22":0.0151950428,"23":0.0148176765,"24":0.0150982589,"25":0.0152297784,"26":0.0149377054,"27":0.0149362404,"28":0.0146398032,"29":0.0146585042,"30":0.0150182229,"31":0.0148017015,"32":0.0146214608,"33":0.0150539493,"34":0.0146531733,"35":0.0149376001,"36":0.0156812686,"37":0.0147026861,"38":0.014440828,"39":0.0147648603,"40":0.0146045377,"41":0.0146822613,"42":0.0144529017,"43":0.014463204,"44":0.0147279371,"45":0.0147523545},"lr":{"0":0.000262144,"1":0.000262144,"2":0.000262144,"3":0.000262144,"4":0.000262144,"5":0.000262144,"6":0.000262144,"7":0.000262144,"8":0.000262144,"9":0.000262144,"10":0.000262144,"11":0.000262144,"12":0.000262144,"13":0.000262144,"14":0.000262144,"15":0.000262144,"16":0.000262144,"17":0.000262144,"18":0.000262144,"19":0.0002097152,"20":0.0002097152,"21":0.0002097152,"22":0.0002097152,"23":0.0002097152,"24":0.0002097152,"25":0.0002097152,"26":0.0002097152,"27":0.0002097152,"28":0.0001677722,"29":0.0001677722,"30":0.0001677722,"31":0.0001677722,"32":0.0001677722,"33":0.0001677722,"34":0.0001677722,"35":0.0001677722,"36":0.0001677722,"37":0.0001342177,"38":0.0001342177,"39":0.0001342177,"40":0.0001342177,"41":0.0001342177,"42":0.0001342177,"43":0.0001342177,"44":0.0001342177,"45":0.0001073742}}