{"loss":{"0":27.4808311881,"1":0.6941629816,"2":0.1415399411,"3":0.1028011984,"4":0.0895253699,"5":0.0854578431,"6":0.0699302589,"7":0.0597682907,"8":0.0558074884,"9":0.0503352473,"10":0.0459965527,"11":0.0458911453,"12":0.0461033873,"13":0.0344537195,"14":0.0305864432,"15":0.0285404133,"16":0.0281681711,"17":0.0412921485,"18":0.0259672515,"19":0.0233194312,"20":0.0265577705,"21":0.020807929,"22":0.0184832483,"23":0.0177167075,"24":0.0180600785,"25":0.0165157426,"26":0.0156553483,"27":0.0142813587,"28":0.014238175,"29":0.0137280415,"30":0.0128286601,"31":0.0122251777,"32":0.0123996754,"33":0.0112802852,"34":0.0136395357,"35":0.0117380339,"36":0.0110417778,"37":0.0105614718,"38":0.0107537565,"39":0.0109488007,"40":0.0107496552,"41":0.0108094695,"42":0.0107209295,"43":0.0115061135,"44":0.0566269705,"45":0.0342929712,"46":0.0224005873,"47":0.0160826293,"48":0.0148487424},"mse":{"0":27.4808292389,"1":0.6941629648,"2":0.1415399462,"3":0.1028011888,"4":0.0895253792,"5":0.0854578316,"6":0.0699302554,"7":0.0597682893,"8":0.0558074936,"9":0.0503352471,"10":0.0459965542,"11":0.0458911471,"12":0.0461033769,"13":0.0344537161,"14":0.0305864438,"15":0.028540412,"16":0.0281681698,"17":0.0412921496,"18":0.0259672534,"19":0.0233194325,"20":0.0265577734,"21":0.0208079312,"22":0.0184832495,"23":0.0177167077,"24":0.0180600826,"25":0.0165157411,"26":0.0156553499,"27":0.0142813595,"28":0.0142381769,"29":0.0137280431,"30":0.0128286593,"31":0.0122251771,"32":0.0123996772,"33":0.011280288,"34":0.0136395358,"35":0.0117380302,"36":0.0110417781,"37":0.0105614727,"38":0.0107537573,"39":0.0109487996,"40":0.0107496558,"41":0.010809469,"42":0.0107209291,"43":0.0115061169,"44":0.0566269755,"45":0.0342929736,"46":0.0224005897,"47":0.0160826258,"48":0.0148487426},"val_loss":{"0":2.2981015514,"1":0.2164976614,"2":0.1284541011,"3":0.1049675106,"4":0.1399636023,"5":0.0934517664,"6":0.0886145145,"7":0.0677045005,"8":0.0795824494,"9":0.0603746374,"10":0.0822699109,"11":0.0574599864,"12":0.0497415017,"13":0.04103162,"14":0.0371115877,"15":0.0401908585,"16":0.0353335729,"17":0.0393329465,"18":0.0352514749,"19":0.0375764296,"20":0.0344241223,"21":0.0279929498,"22":0.0280740039,"23":0.0277594882,"24":0.0268591308,"25":0.0254094701,"26":0.0216491349,"27":0.0190111483,"28":0.0201462345,"29":0.0160042613,"30":0.0157280617,"31":0.0180438072,"32":0.0136055671,"33":0.0136317748,"34":0.0148435987,"35":0.0132510039,"36":0.0148838635,"37":0.014882026,"38":0.0167387643,"39":0.0130224589,"40":0.0119667488,"41":0.0118493246,"42":0.0192103852,"43":0.0190862626,"44":0.0565740921,"45":0.0372939943,"46":0.0302143739,"47":0.0236412779,"48":0.0208091355},"val_mse":{"0":2.2981016636,"1":0.2164976597,"2":0.1284541041,"3":0.1049675122,"4":0.1399635971,"5":0.0934517607,"6":0.0886145085,"7":0.0677045062,"8":0.0795824453,"9":0.0603746399,"10":0.0822699144,"11":0.0574599802,"12":0.0497415029,"13":0.0410316214,"14":0.0371115878,"15":0.0401908606,"16":0.0353335738,"17":0.0393329449,"18":0.0352514759,"19":0.0375764258,"20":0.0344241261,"21":0.0279929526,"22":0.0280740019,"23":0.0277594887,"24":0.0268591288,"25":0.0254094694,"26":0.0216491334,"27":0.0190111473,"28":0.020146234,"29":0.0160042625,"30":0.015728062,"31":0.0180438068,"32":0.0136055676,"33":0.0136317741,"34":0.014843598,"35":0.0132510038,"36":0.0148838637,"37":0.0148820253,"38":0.0167387649,"39":0.0130224591,"40":0.01196675,"41":0.0118493242,"42":0.0192103852,"43":0.0190862641,"44":0.0565740913,"45":0.0372939967,"46":0.0302143749,"47":0.0236412771,"48":0.0208091363},"lr":{"0":0.001,"1":0.001,"2":0.001,"3":0.001,"4":0.001,"5":0.001,"6":0.001,"7":0.001,"8":0.001,"9":0.001,"10":0.001,"11":0.001,"12":0.001,"13":0.001,"14":0.001,"15":0.001,"16":0.001,"17":0.001,"18":0.001,"19":0.001,"20":0.001,"21":0.001,"22":0.001,"23":0.001,"24":0.001,"25":0.001,"26":0.001,"27":0.001,"28":0.001,"29":0.001,"30":0.001,"31":0.001,"32":0.001,"33":0.001,"34":0.001,"35":0.001,"36":0.001,"37":0.001,"38":0.001,"39":0.001,"40":0.001,"41":0.001,"42":0.001,"43":0.001,"44":0.001,"45":0.001,"46":0.0008,"47":0.0008,"48":0.0008}}