{"loss":{"0":1.5585553843,"1":0.3071899873,"2":0.2851793098,"3":0.2345895367,"4":0.1375628123,"5":0.1115058919,"6":0.0937828429,"7":0.0871291471,"8":0.0824547985,"9":0.0821032493,"10":0.0725528525,"11":0.0715410972,"12":0.0638761061,"13":0.0669694421,"14":0.0668266348,"15":0.059531827,"16":0.0607095229,"17":0.0552713558,"18":0.054255956,"19":0.0503372321,"20":0.0505108964,"21":0.0436462255,"22":0.0409840472,"23":0.0385184799,"24":0.0378388291,"25":0.0387340732,"26":0.0363173459,"27":0.0346690857,"28":0.0358219361,"29":0.0361025744,"30":0.0335297023,"31":0.0318756438,"32":0.0274784194,"33":0.0249874923,"34":0.0243580585},"mse":{"0":1.558555603,"1":0.3071899712,"2":0.2851793766,"3":0.2345895171,"4":0.1375627965,"5":0.111505881,"6":0.0937828943,"7":0.0871291161,"8":0.0824548155,"9":0.082103245,"10":0.0725528598,"11":0.0715410858,"12":0.0638760999,"13":0.066969417,"14":0.0668266565,"15":0.0595318265,"16":0.0607095324,"17":0.0552713424,"18":0.0542559512,"19":0.0503372326,"20":0.0505109057,"21":0.0436462276,"22":0.0409840383,"23":0.0385184847,"24":0.0378388353,"25":0.0387340747,"26":0.036317341,"27":0.0346690901,"28":0.035821937,"29":0.0361025706,"30":0.0335297063,"31":0.0318756476,"32":0.0274784118,"33":0.0249874853,"34":0.0243580565},"val_loss":{"0":0.3336668175,"1":0.2918915892,"2":0.276408962,"3":0.1850602856,"4":0.1164889556,"5":0.1068864115,"6":0.0962128052,"7":0.089223114,"8":0.0845617303,"9":0.0798769978,"10":0.086605868,"11":0.0761538854,"12":0.071681938,"13":0.0843544789,"14":0.0716927592,"15":0.0711520736,"16":0.0656061648,"17":0.0712673099,"18":0.0699554276,"19":0.0676069753,"20":0.0704954839,"21":0.0618939858,"22":0.0658267112,"23":0.0616673717,"24":0.0631437169,"25":0.062924526,"26":0.0623252615,"27":0.0606668172,"28":0.0631518327,"29":0.0629916416,"30":0.0725781825,"31":0.0646775088,"32":0.0619622312,"33":0.065507699,"34":0.0628872848},"val_mse":{"0":0.3336668313,"1":0.2918915749,"2":0.2764089704,"3":0.1850602925,"4":0.1164889336,"5":0.1068863943,"6":0.0962128043,"7":0.0892231241,"8":0.0845617279,"9":0.0798769966,"10":0.0866058841,"11":0.0761538818,"12":0.0716819316,"13":0.0843544751,"14":0.0716927499,"15":0.0711520836,"16":0.0656061769,"17":0.0712673068,"18":0.0699554235,"19":0.0676069707,"20":0.0704954788,"21":0.0618939921,"22":0.0658267215,"23":0.0616673678,"24":0.0631437227,"25":0.0629245192,"26":0.0623252615,"27":0.0606668182,"28":0.0631518364,"29":0.062991634,"30":0.0725781843,"31":0.0646774992,"32":0.061962232,"33":0.0655076951,"34":0.0628872886},"lr":{"0":0.001,"1":0.001,"2":0.001,"3":0.001,"4":0.001,"5":0.001,"6":0.001,"7":0.001,"8":0.001,"9":0.001,"10":0.001,"11":0.001,"12":0.001,"13":0.001,"14":0.001,"15":0.001,"16":0.001,"17":0.001,"18":0.001,"19":0.001,"20":0.001,"21":0.0008,"22":0.0008,"23":0.0008,"24":0.0008,"25":0.0008,"26":0.0008,"27":0.0008,"28":0.0008,"29":0.0008,"30":0.0008,"31":0.0008,"32":0.00064,"33":0.00064,"34":0.00064}}