{"loss":{"0":0.0617620982,"1":0.047857964,"2":0.0408383198,"3":0.0358333688,"4":0.0330046684,"5":0.0300017103,"6":0.0262903155,"7":0.0231792028,"8":0.0218011408,"9":0.0207403501,"10":0.0202167205,"11":0.0196426428,"12":0.0185400617,"13":0.0182993408,"14":0.0160886354},"mse":{"0":0.0617621206,"1":0.0478579663,"2":0.0408383161,"3":0.0358333662,"4":0.0330046713,"5":0.0300016962,"6":0.026290318,"7":0.0231792126,"8":0.021801142,"9":0.0207403488,"10":0.020216722,"11":0.0196426436,"12":0.0185400601,"13":0.0182993393,"14":0.0160886347},"val_loss":{"0":0.0651885051,"1":0.049328816,"2":0.0506062942,"3":0.0525116196,"4":0.0518059642,"5":0.0496943286,"6":0.0478160892,"7":0.0458782599,"8":0.047450262,"9":0.048026292,"10":0.0477076481,"11":0.0492073175,"12":0.0488908382,"13":0.0480781346,"14":0.0480892826},"val_mse":{"0":0.0651885048,"1":0.0493288152,"2":0.0506062992,"3":0.0525116213,"4":0.0518059582,"5":0.0496943295,"6":0.0478160903,"7":0.0458782613,"8":0.0474502593,"9":0.0480262898,"10":0.0477076471,"11":0.0492073186,"12":0.0488908403,"13":0.0480781309,"14":0.0480892844},"lr":{"0":0.0005120001,"1":0.0005120001,"2":0.0005120001,"3":0.0005120001,"4":0.0005120001,"5":0.0005120001,"6":0.0004096,"7":0.0004096,"8":0.0004096,"9":0.0004096,"10":0.0004096,"11":0.0004096,"12":0.0004096,"13":0.0004096,"14":0.00032768}}