{"loss":{"0":0.0403335669,"1":0.0318734266,"2":0.0275631979,"3":0.0242630493,"4":0.0217643656,"5":0.0205951034,"6":0.0191727327,"7":0.0177922411,"8":0.0167206429,"9":0.0152338075,"10":0.0137784537,"11":0.013306671},"mse":{"0":0.0403335765,"1":0.0318734236,"2":0.0275631938,"3":0.0242630523,"4":0.0217643809,"5":0.0205950998,"6":0.0191727262,"7":0.0177922398,"8":0.0167206395,"9":0.0152338035,"10":0.0137784509,"11":0.0133066671},"val_loss":{"0":0.0361451696,"1":0.033854044,"2":0.0350600927,"3":0.0343682648,"4":0.0336775871,"5":0.0339720964,"6":0.0348670984,"7":0.0345422528,"8":0.0339045923,"9":0.0350734176,"10":0.0351826758,"11":0.0345285147},"val_mse":{"0":0.0361451618,"1":0.033854045,"2":0.0350600928,"3":0.0343682654,"4":0.0336775854,"5":0.0339720957,"6":0.0348670967,"7":0.0345422477,"8":0.0339045972,"9":0.0350734182,"10":0.0351826735,"11":0.0345285125},"lr":{"0":0.00032768,"1":0.00032768,"2":0.00032768,"3":0.00032768,"4":0.00032768,"5":0.00032768,"6":0.00032768,"7":0.00032768,"8":0.00032768,"9":0.000262144,"10":0.000262144,"11":0.000262144}}